{
    "accuracy": 0.9736028843677569,
    "roc_auc": 0.9954996970481547,
    "confusion_matrix": [
        [
            3463,
            117
        ],
        [
            88,
            4098
        ]
    ],
    "classification_report": {
        "Fake": {
            "precision": 0.9752182483807378,
            "recall": 0.96731843575419,
            "f1-score": 0.9712522787827794,
            "support": 3580.0
        },
        "Real": {
            "precision": 0.9722419928825623,
            "recall": 0.9789775441949355,
            "f1-score": 0.975598143078205,
            "support": 4186.0
        },
        "accuracy": 0.9736028843677569,
        "macro avg": {
            "precision": 0.97373012063165,
            "recall": 0.9731479899745628,
            "f1-score": 0.9734252109304922,
            "support": 7766.0
        },
        "weighted avg": {
            "precision": 0.9736139983787596,
            "recall": 0.9736028843677569,
            "f1-score": 0.9735947701477874,
            "support": 7766.0
        }
    },
    "train_rows": 31060,
    "test_rows": 7766,
    "vocabulary_size": 8000
}